word,frequency,example,gdex,llm_score,label,note
bandaska,1991,Pryč je původní malinká nádrž a místo ní má tenhle stroj pěknou <bandasku> na 17 litrů.,0.92353,4.925235900655389,a,"Borderline between a-b, the sentence is about the keyword but the word order seems odd and it references a machine we do not see."
bandaska,1991,Ráno jsem se tam tedy vybaven plechovou <bandaskou> po babičce vypravil podívat.,0.91538,5.114021876330177,b,"Lacking context, where and the reason why."
bandaska,1991,Proto je dobré mít vždy v ruce <bandasku> s vodou.,0.90909,5.443054322004318,b,Lacking context.
bandaska,1991,ČTÚ v tom tedy létají jak nudle v <bandasce>.,0.905,6.861405695809259,b,"Unknown abbreviation, lacking context."
bandaska,1991,"To znamená, že je vyrobeno 10 ks <bandasky> na dalších 10 letů?",0.89464,5.665089993178844,b,Lacking context.
bandaska,1991,Už po 10minutách jsem se cítil jak nudle v <bandasce>.,0.86818,5.916104744374752,b,"Borderline a-b. Lacks context, a bit odd comparison."
bandaska,1991,Že se vydržíš dívat na celý film o lezení a nenatečou Ti <bandasky> ?,0.85357,4.491943986075265,b,I do not understand from this sentence what does it mean.
bandaska,1991,"Cílem je, aby si každý opravdu do sytosti zalezl a odjel z Lomnice s <bandaskama>.",0.85294,5.823529687225819,b,I do not understand what the keyword in this sentence means.
bandaska,1991,Dludli to byl překlep - <Bandaska> nebo účel?,0.81111,5.979393920302391,c,Grammatically incorrect.
bandaska,1991,"Jseš si Lenko jistá, že v té <bandasce> je to tvoje?",0.80769,4.650899741324511,b,Lacking context.
bandaska,1991,"Další se však domnívají, že název Krpy vznikl od slova krpy, což bývaly hliněné nádoby zvané <bandasky>.",0.8,6.289069352167494,b,The keyword is not the center of the sentence.
bandaska,1991,"Nabízí se možnosti: bez levé <bandasky> nebo jenom její obrys, ""vykousnutí"" v této bandasce.",0.79474,3.80360968027796,c,Incomplete sentence.
bandaska,1991,"Skvělým pomocníkem je také držák na pití, do kterého lze uložit kojenecké láhve, <bandasky> a různá plastová pitíčka pro vaše dětí.",0.78,4.785007032610121,a,"Borderline with c, since contains grammatically incorrect words, needs correcting."
bandaska,1991,"Trubky nemrznou, ty jsou tady běžně i ve 2m, ale ta prázdná <bandaska> z vrchu vymrzá a s ní i vodoměr.",0.75333,5.968180339676993,b,Lacking context.
bandaska,1991,"Zakoupit musím já sobě klobásku, škvarků si naberu celou <bandasku>.",0.74792,6.593226323127746,b,Odd word order.
bandaska,1991,"Paní Jungová, Češka, vdova po padlém německém vojákovi, si otevřela mlékárnu s mlékem nalévaným do <bandasek>.",0.745,6.978678695112467,a,Contains proper name but it is clear what the keyword means.
bandaska,1991,"Nepřipravuje se v kůži zvířete, ale v hrnci nebo hliníkové <bandasce>, může se vařit i ze skopového masa a patří do něj také více zeleniny.",0.71429,4.135864794969558,b,"Lacks context, too long."
bandaska,1991,"Přesto Proseč podala velice kvalitní výkony proti <Bandaskám> z Brodu, se kterými hrála ve skupině 2:2 a v semifinále 1:1.",0.69385,5.057146025300026,d,Keyword is referring to a proper noun.
bandaska,1991,"To byl tehdy snad jediný plastový obal, který se dal použít jako <bandaska>... Na Hostýně mě zprvu zajímaly hlavně dřevěné barevné boudy nacpané dobrotami.",0.6938,5.244031181514264,b,"Too long, lacks context and the sentences are not connected."
bandaska,1991,Beru <bandasku> a valím na ostružiny!,0.69286,5.320882531007131,a,"Clear, short and fitting. "
bandaska,1991,"Přeji krásný rukodělný víkend;-). (V <bandasce> mám prací prášek, chtělo by to ještě jednu;-).",0.64667,6.20747445992061,c,Contains emojis.
bandaska,1991,"<Bandasku> jsem kupovala nedávno v bazaru, je jak nová, původně jsem přemýšlela že si jí nechám do kuchyně na vařečky, ale zůstane asi jako váza na luční kvítí.",0.63594,5.667994722298213,a,"Borderline between a-b, it is too long and requires some correcting."
bandaska,1991,"Tradiční plechové <bandasky>, s nimiž naše prarodiče nebo rodiče chodívali v dětském věku pro mléko nebo třeba i vodu do studánky, mají dnes místo na kuchyňských poličkách jako retro ozdoba.",0.62727,6.031715801159541,a,"Borderline, it is too long, but it is very clear what the keyword means and it is the center of the sentence."
bandaska,1991,"Mlékaři dnešní ráno všechny <bandasky> rozlili Barvy z obzoru se tak jen v bílou rozpily Zelená, žlutá musíte se vrátit I Vy barvy ostatní, že se nestydíte!",0.625,5.935629453482451,c,Grammatically incorrect.
bandaska,1991,"Ahoj, dávám si do kupy e30 sedan a pravý zadní podběh byl total sežraný, teď řeším jak tam byly vlastně uchycený hrdlo nádrže, ta <bandaska> a plastový podběh.",0.61719,5.227043462225369,c,"Grammatically incorrect, contains English words."
bandaska,1991,"Nakonec s <bandaskama> alá Pepek Sailor jsme se přesunuli na jídlo, probrali hrozně zajímavý věci, kola, motorky, web, videa a rozutekli se k domovům.",0.61458,5.545288783311844,b,Lacks context.
bandaska,1991,"Vidím nějakého dědu, jak se na starém zrezavělém kole pokouší nahodit řetěz, a babičku, která si to s <bandaskou> na mlíko mašíruje do obchodu, ve kterém téměr vůbec nic není.",0.5775,6.129570292631785,b,"Lacks context, too long, too much unnecessary information."
bandaska,1991,"Strach z toho, že lidi si sice zaplatí jednu kolu, ale pak si budou dolévat do nekonečna anebo možná přinesou z domova i nějakou tu <bandasku> a natočí si ""na cestu"".",0.56611,5.724479491095389,b,"Lacks context, too long."
bandaska,1991,"Vyfotila jsem pro vás růžičky jako zápich, jsou na zapíchnutí do květináčů nebo jen tak, třeba do nějaké vysoké vázy nebo jako je mám já, v hliníkové <bandasce> společně s obilím a vypadají úžasně.",0.53158,5.646388527225046,b,Too long.
bandaska,1991,"Trochu výš je ovšem takové místo kde se musí člověk tak zvláštně povytáhnout nahoru, to mi dodalo....strávila jsem tam dobrou půl hodinu, tak obrovský <bandasky> jsem snad ještě neměla....A pak to přišlo....nevratný překrok do.",0.5,6.055189978725769,c,"Incomplete, odd word order and structure."
bandaska,1991,"Cituji: ""Nu, a tak jsem byl nesmírně překvapen, když malá bosá holčička s modrou <bandaskou> mléka vešla do naší světnice a řekla: ""Máte v konsumu výzvu z Prahy na deset hodin včera ráno."" To bylo potom těžké se někam dovolat.",0.5,5.312817784268409,b,"Too long, lacks context."
bandaska,1991,"Z mistrů republiky v roce 1959 to byli Vladimír Markup, Zdeněk "" <Bandaska> "" Müller, Bohumil Prošek, Václav Frőhlich, Vladimír Kopecký, Miroslav Rys, z 60. let Zdeněk Hrabě, Jindřich Karas, Josef Vimmer.",0.5,6.338205532031134,d,The keyword is referring to a proper noun.
bandaska,1991,prodám staré smaltované hrnky a <bandasky> a stojánky na láhve.,0.34545,4.573265328407287,b,"Too short, requires more information, one does not understand what the keyword means in this sentence."
bandaska,1991,"), balenému mléku (zpět k <bandaskám> !",0.31111,5.6622720003128055,c,Incomplete sentence.
bandaska,1991,"Řeznickými, zelinářskými, před mlékárnami, kde se ještě mléko z konví do <bandasek> ručně rozlévalo.",0.26667,6.836122557946614,b,Lacks context.
bandaska,1991,"pro čepované oleje jezdím s <bandaskou> do oleje.cz, jednou vezmu 80 po druhé 90 a žádná korková nebo ferodo spojka si ještě nestěžovala, že jí nechutná.",0.17448,5.778060506398861,b,"Too long, abstract."
bandaska,1991,To s tím stk by mě taky zajímalo propadla mě stk na <bandasce> měsíc z5. [Fakýr] (4.10.2018 16:48:59),0.10379,4.736435904105504,c,"Noisy, abbreviations."
bandaska,1991,"kdybych měl ze všeho sundávat <bandasky> tak nedělám celý rok nic jinýho a ještě budou otřískaný, v suchu skladuju jen čerstvě nachromované které mají stejně už vnitřek dávno chycený [ventil] (8.12.2017 22:22:40)",0.0,5.199848830327392,c,Noisy.
bandaska,1991,"Tak tady jsem vám natočil jak jsem uchytil čidlo na teplotu, a jak to teď startuje bez problémů ať je 16°C nebo předchiozí videa v 7°C. Studený start +60% a nyní na režim auto +10%, jelikož na mod e85 +20% je moc na současný e74 co mám v <bandasce>. http://youtu.be/i_0CvHiGakk",0.0,5.34568510055542,c,"Noisy, contains links, abbreviations."
bandaska,1991,", úniky sa zmenšili, zmena výkonu motora nepozorovateľná, štarty bezproblémové, niečo na tom bude, aj keď je jasné, že to je iba recyklát základového oleja s nejakými prídavkami, čo sa ihneď zachytia vo filtri, ale funguje. - varujem pred olejmi v čiernych <bandaskách> , hrubo a draho som na ne doplatil...nekupovať!",0.0,4.522727755121156,c,"Different language, incomplete, too long."
demotivující,1965,Každý týden navíc je pak věčnost a negativní test je <demotivující>.,0.9125,4.421486056934704,"Borderline a-b, the keyword is clear but the sentence structure is a bit incomplete, lacks context.","Borderline a-b, the keyword is clear but the sentence structure is a bit incomplete, lacks context."
demotivující,1965,Každopádně tato formulace je pro mladé lékaře hrubě <demotivující>.,0.905,3.8818300207455954,b,Lacks context.
demotivující,1965,"Dokážu pochopit, že po mnoha pokusech pro vás může být současný stav <demotivující>.",0.89667,4.081652684567066,a,"Broderline a-b, it is clear what the keyword means, maybe lacks context."
demotivující,1965,"Bohužel zde vidím velký vliv okolního, <demotivujícího> prostředí.",0.8825,2.920422223210335,b,Lacks context.
demotivující,1965,"Po týdnu přípravy na zápas je pro hráče <demotivující>, když jejich úsilí příjde takovým způsobem nazmar.",0.87778,3.3943580582737924,a,"Clear, explanatory."
demotivující,1965,"Ze všeho naměřeného času se může stát spíše než motivace jasný <demotivující> činitel, kvůli kterému budete běhat méně rádi.",0.8653,3.62279552974199,a,"It is clear what the keyword means, maybe too long."
demotivující,1965,Současný systém je pro dobré lezce <demotivující> a znechucující.,0.86,2.76508019566536,b,"Borderline a-b, lacks context, perhaps for language learner will not be so clear what the keyword means."
demotivující,1965,"No a proto, že dotace skutečně nemohou být rozdělovány absolutně objektivně, jsou ve svém důsledku <demotivující>.",0.85789,4.217371333949268,a,"Borderline, the keyword is clear, maybe too long, perhpas needs some correcting."
demotivující,1965,"Působí to hrozně <demotivujícím> (v tom slabším případu) způsobem, je to bolestné.",0.85156,3.2220118810733163,b,Lacks context.
demotivující,1965,"Neobjevuje se to často, ale je to dosti <demotivující>.",0.84773,5.4822926072610745,b,Lacks context.
demotivující,1965,Nejednotnost posuzování je i pro mě <demotivující>.,0.8375,4.8277395180293485,a,"Borderline a-b, it is clear what the keyword means, maybe a bit short."
demotivující,1965,Současný systém lékařských atestací a koncipientských praxí je pro mladé často <demotivující> a zasloužil by si změnu směrem k větší flexibilitě.,0.83136,4.329635718322935,a,"Clear, a bit too long."
demotivující,1965,"Bohužel každým dalším levelem se vaše vylepšení ztrácí a vy musíte začít od píky, což pro mě bylo hodně <demotivující>.",0.83034,4.051316659748554,a,"Borderline, it is clear what the keyword is referring to but it is too long and maybe some words need more context, explanation."
demotivující,1965,"Tato daň je přece tak komplikovaná, <demotivující>, a neúčelná, až to bolí.",0.82812,3.211108029137055,b,"Opinion, lacks context, it is not clear what the keyword might be."
demotivující,1965,"Smrti postav by neměly být příliš časté, to je pro většinu hráčů silně <demotivující> či frustrující, kvůli tomu to nehrají.",0.82522,2.130183478426188,b,Lacks context.
demotivující,1965,"Začátek výstupu je poněkud <demotivující>, protože je na dlouhou dobu (vyjma závěrečného stoupání) bezpečně nejstrmějším úsekem cesty.",0.82232,4.2529821627280295,a,"Borderline a-b, it is clear what the keyword means, but maybe too long."
demotivující,1965,"Je to jasný <demotivující> prvek, který povede k tomu, že část populace bude motivována k odpracování pouze oněch 25 let.",0.79565,3.2570313106477258,b,Lacks context.
demotivující,1965,"Častým problémem však je, že v globálním měřítku jde o téměř neviditelné aktivity, jejichž následování a dodržování může být pro lidi <demotivující>.",0.79325,4.069162658348002,b,Lacks context.
demotivující,1965,Pro tyto děti bude podle mého názoru povinnost zahájit studium ještě dalšího jazyka velmi <demotivující> a ocitnou se možná právě tímto krokem v pasti školní neúspěšnosti.,0.77083,3.0750768402448068,b,"Too many demonstrative pronouns, lacks context."
demotivující,1965,"Je mi jasné, že je <demotivující> pro nějaký 10 lvl se účastnit, když ví, že nevyhraje a dostane nakládačku.",0.76332,3.7933991626689294,c,"Odd word order, abbreviations, grammatically incorrect."
demotivující,1965,"Právě v síle chtění je předpoklad úspěchu a jsem proto velmi smutný, když čtu různé <demotivující> výroky některých zasvěcených ""amatérů"".",0.7625,4.083101558089256,b,"Lacks context, too long, opinionated."
demotivující,1965,"Nějak nemohu pochopit ten mediální přívlastek, že jde o nejprodávanějšího autora v Čechách, což musí být pro řadu dalších autorů <demotivující> až depresivní.",0.75846,2.959323709814445,a,"Borderline a-b, it is clear what the keyword means and it is the center of the sentence but it is opinionated and perhaps too long and needs some correcting."
demotivující,1965,"Ministr práce a sociálních věcí Petr Nečas představil plán, jak pobídnout k práci i lidi dlouhodobě nezaměstnané. ""Máme velmi <demotivující> sociální systém.",0.69385,3.379938133467327,b,"Too long, two sentences."
demotivující,1965,"Nebo posilovnu, ale počítej s tím, že když se ti tuk mění na svaly, tak přibíráš na váze - pro leckoho je to <demotivující>.",0.6875,4.1919153893987335,b,"Lacks context, it is referring to some other information in the previous sentence."
demotivující,1965,"Ach ano, možná jste jeden z těch šťastných, co ještě stihli v tom ošklivém a <demotivujícím> socialismu vystudovat vysokou školu zdarma a těsně po převratu zdokonalit své vzdělání v cizině.",0.62727,4.0220391012107335,b,"Too long, opinionated, political."
demotivující,1965,"Zajímavý pohled byl na naši lavičku, ze které byl použitelný jen Robo Čolek a Baron, Jimmy a Honek byli pouze do počtu a sloužili jako <demotivující> prvek soupeře.",0.61758,3.472516882738897,b,"Lacks context, too many unknown proper nouns."
demotivující,1965,"Platná právní úprava je naproti tomu <demotivující> pro výkon soudní moci: stát podle stěžovatele vybere poplatek na začátku sporu, je fiskálně uspokojen a je mu pak lhostejné, jak dlouho řízení trvá.",0.58304,3.9425891552240615,b,Too long.
demotivující,1965,"Zdejší prostředí je úžasně <demotivující>, skoro všechno se tady chválí, však to poznáš, a prakticky každý tu nejpozději po pár měsících píše mnohem hůř, než na začátku (mě nevyjímaje).",0.55833,4.857938111650532,b,Too long.
demotivující,1965,"Odmítají rovněž tvrzení pojišťovny, že navýšení poplatku za poskytování lůžkové péče si vyžádala praxe, neboť dosavadní výše 60 Kč neměla dostatečně <demotivující> účinek a nevedla ke kýženému cíli, tedy redukovat nadužívání lůžkové péče.",0.54682,3.834630862149325,b,Too long.
demotivující,1965,"Za této situace – jak žalovaný dále uvedl – ""nemá Středočeský kraj zájem žalobkyni dále zaměstnávat, neboť jí uložené úkoly a jí nesplněné úkoly musí být zajišťovány nad rámec jejich běžných povinností ostatními zaměstnanci a způsob, jakým žalobkyně přistupuje k výkonu sjednané práce má <demotivující> a demoralizující vliv na ostatní zaměstnance"".",0.5,3.437815119705948,b,Too long.
demotivující,1965,"Je to trochu <demotivující> poznání v tom smyslu, že bych si teď holt mohl říct, že se na to můžu vykašlat, na všechny módní doplňky a na všechnu snahu stát se člověkem více společenskym, ale to taky nechci, protože tahle moje snaha, muj boj, mi dodává jakousi energii a minimálně pocit, že mám šanci stát se klukem, po kterym ženský poletěj.",0.5,3.810925245480459,b,Too long.
demotivující,1965,"A dokážeme si představit, že pro malé děti je škola s prázdným dvorkem, rozpadajícími se lavicemi, nedostatkem učebnic, bez toalet a obecně s neutěšeným prostředím značně <demotivující> a těžko si pak dokáží představit, že navštěvování tohoto místa jim přinese lepší budoucnost.",0.5,4.012009989397555,a,"Borderline a-b, too long but the keyword can be understood clearly."
demotivující,1965,modifikovat přístupy za účelem odstranění <demotivujících> vlivů a faktorů procesu učení,0.45455,3.902938760410656,c,Incomplete.
demotivující,1965,Už tohle je ze začátku dost <demotivující>...,0.39375,3.219073386490345,b,Lacks context.
demotivující,1965,"Pro nové hráče byl tento krok evidentně <demotivující>.""",0.3825,2.792527168326908,b,Lacks context.
demotivující,1965,"Okamžitě zruště ten legislativní ""paskvil"" resp. z.č.361-je <demotivující> atd., advokát Janeček nevrhuje jeho zrušení!!!!!!!!!",0.15648,3.89208550793784,c,Grammatically incorrect.
demotivující,1965,ně <demotivující> ;).,0.085,4.218631585439047,c,Contains emojis.
demotivující,1965,"""To je další Mirkova a Jarkova (pardon, Menhartova) taškařice..."" Parafrází okřídleného citátu z Rychlých šípů by se dala charakterizovat část výzvy k účasti v letošním charitativně-osvětovém projektu Movember: Zapojit se do Movembru a nepřispět na podporu jeho cílů ani korunou, či v tomto foglarovském subprojektu ani třinácti korunami, mi přijde pro ekonomicky aktivní zájemce jako nesmysl, a pro ty ""neaktivní"" jako výchovně <demotivující> promo-výkřik bez klíčového efektu.",0.0,3.425786136602288,c,"Grammatically incorrect, the content is not clear."
demotivující,1965,"Pro ty, kdož stále ještě nejsou deprimovaní z přicházející zimy v ČR, tu máme <demotivující> video o životě v ráji, po němž se počet členů Shampoo hateclubu musí minimálně zdvojnásobit. :) Klik na více léta a akce !",0.0,4.423666673643809,c,Contains emojis.
demotivující,1965,"[198] Malá rychlá opatření pak demotivují občany k podpoře podstatných dlouhodobých opatření.[199] I samotná varování mohou být <demotivující>.[200] Zvyšování účinnosti naopak zvyšuje spotřebu jak ukazuje Jevonsův paradox.[201] Tlak na přechod způsobuje inflaci (greenflation), která brání vlastnímu přechodu.[202]",0.0,2.8108007496909093,c,Noisy.
holdovat,11906,"A kdo <neholduje> síle, toho potěší další velmi silný a situaci měnící prvek – magie.",0.9,2.894533921877543,a,"Borderline, not sure if it is clear what the keyword means from this sentence."
holdovat,11906,"Moji vnuci jim <holdovali> jen pár dnů, nyní si hrají raději na podnikatele v různých těch podnikatelských hrách.",0.8825,4.796047480901082,b,Lacks context.
holdovat,11906,"Ale ne německou pšenici - jednou za čas si ji sice dám, ale nijak zvlášť jí <neholduji>.",0.87895,3.9569785104078408,b,"Borderline, opinionated."
holdovat,11906,"Vždy jsem patřila mezi ty, které make-upu moc <neholdovaly>.",0.86364,4.115534856584337,b,"Borderline, it is not very clear what the keyword means."
holdovat,11906,"S Davidem využívají celkem pestré nabídky jídla přes ulici, <holdují> pivu a Petr spí každou noc s jinou.",0.85625,4.722403172651926,c,Sexual content.
holdovat,11906,"Pokud však návštěvníci Penzionu ART <neholdují> vlastní kuchyni, mohou se vypravit za kvalitním jídlem do místních restaurací.",0.85526,2.2898937884499047,a,"Clear, the keyword is central."
holdovat,11906,Je to kus holky a ona amatérské masturbaci <holduje> ráda HD 09:19.,0.84667,5.245779460668564,c,Sexual content.
holdovat,11906,"V novinách čteme každodenně cenu zlata, protože milióny lidí ještě pořád <holdují> zlatému teleti.",0.84531,3.850224854264941,b,Lacks context.
holdovat,11906,"<Neholdujete> zvláště avokádu, ale rádi byste si na pečivo namazali něco jiného než máslo?",0.84531,5.522688686847687,a,"Clear, keyword is central."
holdovat,11906,Vínu dnes podle statistik <holduje> až 75 % dospělých.,0.84,3.1256327165497675,a,"Borderline, perhaps it is not clear what the keyword might mean, but it is brief and fitting."
holdovat,11906,"Otázka: Jak by se měli dívat věřící rodiče na to, kdy jejich děti <holdují> počítačovým hrám?",0.83553,3.2371909792535005,b,Opinionated. 
holdovat,11906,"Sušenkovým zmrzlinám moc <neholduju>, v běžném obchodě volím většinou jen ruskou zmrzlinu.",0.83393,2.7009894510110217,a,"Borderline, opinionated, but the keyword is clear and central."
holdovat,11906,"Já jí moc <neholduju>, jsem na 30, stránce u Zmizelé a vůbec mě to nebere.",0.83333,2.372894902229309,b,Lacks context.
holdovat,11906,"Když jsem přemýšlel, s čím <holdovat>, tak se mi vyjevil kulatý pecen chleba.",0.825,3.9847074329853056,b,It is not clear what the keyword means. 
holdovat,11906,"Je už jenom na vás, jakým oříškům dáte přednost, zda více <holdujete> vlašským nebo třeba lískovým.",0.81579,3.821012175083161,a,"Nice example, the keyword is clear and central."
holdovat,11906,"Patříte mezi ty, kdo neochucené neperlivé vodě zrovna <neholdují>?",0.80909,3.615575763914321,b,"Borderline, it is not very clear what the keyword means."
holdovat,11906,To herečka Andrea Kerestešová pokeru moc <neholduje>.,0.8,5.054743415968759,b,Lacks context.
holdovat,11906,"Ať už rádi pečete různé sladké dobroty nebo spíše <holdujete> pěkně křupavému masíčku, tak se vám tato mašlovačka bude hodit.",0.79557,3.849177496284246,b,Lacks context.
holdovat,11906,"Řekněte ostatním rodičům, kterým sportům <holdují> vaše děti, kam chodíte na logopedii, kam si chodíte hrát s vaším mladším dítětem.",0.79333,4.0621356013417245,b,"The keyword is not central, it might not be clear what it means, too long."
holdovat,11906,Při ranní hygieně našla Alena několik pravých hřibů (nikdo jiný hygiene <neholduje> a tak jsme hub nemeli víc).,0.78839,3.1085231913460625,c,Grammatically incorrect.
holdovat,11906,"Pokud alkoholu <neholdujete> vůbec, vyzkoušejte alespoň kosmetiku z piva či vína, vyrábí se jak pro muže, tak i pro ženy.",0.7875,2.393591322004795,a,"Borderline, it might not be clear what the keyword means, but the sentence is full and clear."
holdovat,11906,<Holdují> netradičním zážitkům a nevyhýbají se ani netradičnímu svatebnímu oblečení.,0.78636,5.392766830921174,b,Lacks context.
holdovat,11906,"Je jedno, zda jste hráč deskovek, Dračího doupěte či <holdujete> četbě gamebooků.",0.75,4.269193761547407,b,"Lacks context, referring to something that is not present."
holdovat,11906,"Cyklistické helmy jsou zcela běžnou výbavou každého, kdo <holduje> tomuto sportu ať už aktivně nebo jen rekreačně, v přírodě nebo na lesních cestách.",0.74769,4.327559245410173,a,"Borderline, too long but clear."
holdovat,11906,"Když mě někdo přepadne na ulici, určitě jich tolik nikdy nepřijede,"" rozčilovala se žena, jež marihuaně údajně <neholduje>.",0.74576,4.291409258875582,b,Lacks context.
holdovat,11906,"A tak dodám jediné, a to, že jestli jste fanoušky této série a <holdujete> adventurám, pak by nestáhnout tento kousek byl skutečný hřích.",0.71667,5.112813237439031,b,Lacks context.
holdovat,11906,"Například můj kolega z kanceláře <holduje> zdejší verzi tataráku Sok lek, což jsou plátky syrového masa smíchané s kořením a zalité velkorysou porcí studené krve.",0.69259,3.734128800809384,a,"Borderline, too long and the keyword is not that central."
holdovat,11906,"Kazeta má na tehdejší poměry velice povedený zvuk a už z toho důvodu ""Evilive"" zaujalo i ty příznivce, kteří death-grindu nikdy <neholdovali>.",0.6925,3.997813479466872,b,Lacks context.
holdovat,11906,"Ti, kteří <neholdují> vínu, se mohou zdržet u jezera a využít slunečného počasí ke koupeli či k vyjížďce na loďce k jednomu ze dvou ostrůvků uprostřed jezera.",0.68,2.4592623613774776,b,"Borderline, the keyword is not that central, too long."
holdovat,11906,"Nečetl jsem nikdy titulek ""Kulhající Klaus zavítal...""a pokud jde o Havla, je známo, že <holdoval> alkoholu přes míru.",0.665,3.56615492105484,b,"Opinionated, political, needs context."
holdovat,11906,"Kozorohové totiž stárnou naopak - takže z mladých rozhněvaných mužů, kteří <holdují> knihovnám a starému nábytku se stanou dědečci na kolečkových bruslích, tančící na diskotékách s láskou k cestování.",0.6125,2.884301305896249,b,Too long.
holdovat,11906,"Chápejte, pro někoho, kdo fakt <neholduje> jakýmkoliv broskvovým odstínům a pořád si na ně zvyká a snaží se je zakomponovat do kosmetické rutiny (páč zjevně umí lichotit), je to objev.",0.55597,2.687656177083652,a,"Borderline, too long but the keyword is central and clear."
holdovat,11906,"No a pak zbývá ještě ten antisemitismus ""pravicový"" či ""neonacistický"", který nemůže Židy vystát, ať dělají, co dělají, jemuž <holduje> poměrně mizivé procento a o němž ostatně víme, že je taky levicový.",0.5,4.626641210075468,b,"Too long, political."
holdovat,11906,"Bílým tužkám moc <neholduji> a nepoužívám je, ale mám je doma, co kdyby náhodou :D",0.3125,1.957531840801239,c,Contains emojis.
holdovat,11906,"Divergencím moc <neholduji>, ale nemusím být žádný lumen, abych si to dělal takto analyticky složité.",0.31111,3.114887941678365,b,Lacks context.
holdovat,11906,"Tamní osazenstvo totiž ani nezaslouží označení ""Stalker"" - <holdují> ""Robinhoodismu"" a chovají se jako bandité.",0.22,3.718983213106791,c,"Grammatically incorrect, incomplete."
holdovat,11906,"Kapela <holduje> jasně zřetelnému pre-doom metalu, který definovali především BLACK SABBATH, CATHEDRAL, případně CANDLEMASS.",0.15278,3.783066677195685,b,"Borderline, it might not be clear what the keyword means, it is not very central to the sentence."
holdovat,11906,"Kdo například neúměrně <holduje> pivu či kávě, musí počítat s tím, že se mu kolem očí objeví nehezké temné kruhy, zatímco věrnému konzumentovi ovocných šťáv nic podobného nehrozí. (Plus)",0.06643,3.351241613770353,a,"Borderline, too long but keyword is clear and central."
holdovat,11906,". ""Králové"" v duchovním slova smyslu, magičtí králové přicházejí <holdovati> velkému duchovnímu králi, který se zde objevuje v podobě, které mohl dosáhnouti, aby tak vysoká bytost, jako byl kdysi Zarathustra, prodělala svá vývojová stadia, aby dospěla k výši onoho duchovního krále, kterému magičtí králové chtěli <holdovati>.",0.0,6.416471634440951,c,Old language.
holdovat,11906,"V době, kdy na PC vychází další pokračování herní série GTA, Episodes from Liberty City, které vypráví příběh drsného motorkáře Johnny Klebitze, jehož gang <holduje> jedině tamní hard-coreové stanici Jimmyho Gestapa z Murhpys Law, se přirozeně každý správný fanoušek drsné hudby musí začít oívat po nějaké nové desce na zahnání té akutní palčivé chuti, co spolu se vším tím terorizováním Liberty City ze sedla bytelného chopperu přila.",0.0,4.397965094936428,b,Too long.
lump,9876,Ta banda <lumpů> mu musí pěkně ležet v žaludku.,0.905,2.517305543687608,a,"Clear, fitting."
lump,9876,"Teprve až tito <lumpové> vrátí co jim nepatří, teprve pak je možné chtít něco od lidí.",0.90139,4.313746338710189,b,Lacks context.
lump,9876,Nebo ho ti <lumpi> nedávají v češtině?,0.89375,3.368283726913588,b,Lacks context.
lump,9876,Heinrich <Lumpe> se narodil jako šesté ze dvanácti dětí obchodníka se dřevem.,0.89231,4.1515150067706905,d,The keyword is referring to a proper noun.
lump,9876,Tak už víte proč ty nadnárodní banky a <lumpové> pěstují terrorismus.,0.875,3.7594489953734658,b,"Lacks context, opinionated."
lump,9876,"Tvoji svobodní mě nezajímají, určitě to bude stejná tlupa <lumpů>.",0.85417,4.985293474495411,b,Lacks context.
lump,9876,"A takové ty řeči, že to je <lump> a zloděj,"" uvedla členka skupiny.",0.85294,3.406284882472112,c,Incomplete.
lump,9876,"Není překvapením, že zakladatelem a akcionářem úspěšné firmy byl právě Heinrich <Lumpe>.",0.84821,7.458973548064629,d,Keyword is referring to a proper noun.
lump,9876,"Tohoto malého <lumpa> není jednoduché unavit, přebytečná energie mu pomalu teče i ušima.",0.84,2.957655162077684,a,"Borderline, contains demonstrative pronoun and maybe it is not very clear what the keyword means, it is central."
lump,9876,"Je to <lump>, to ani on sám nepopírá.",0.84,4.463036572933197,b,"Lacks context, it is not clear what the keyword means in this sentence."
lump,9876,"Člověk, který má charakter, je velmi snadno ovladatelný -- především tzv. bezcharakterními <lumpy>.",0.82812,4.174440057461078,a,"Borderline, not sure if the keyword is clear."
lump,9876,"Tím netvrdím, že Kájínek není <lump>.",0.8,3.596137764056524,b,"Lacks context, requires cultural knowledge."
lump,9876,"To už nechci dělat, protože to, že je jeden <lumpem>, nedává právo druhému být o takhle málo <lumpem> menším.",0.79103,3.2477582408322228,b,Lacks context.
lump,9876,Na nádvoří zámku se točila scéna s rytířským soubojem i vlastní souboj s loupeživým rytířem a shazování <lumpů> z hradu dolů do propasti.,0.785,3.310977872817413,a,"Borderline, too long but the keyword is explained."
lump,9876,"<Lumpové>, taky mohly dát dvě stejně barevné soupravy. :-) Fotka se mi moc líbí.",0.78421,4.603282542313848,c,Contains emojis.
lump,9876,"Naoko snědí jídlo s uspávadlem, <lumpové> je zavřou do krabic.",0.78333,4.691311280727386,c,Does not make sense.
lump,9876,Revírníci mají velmi snadné napálit lidi... <lumpové>!,0.78,5.447566086905344,b,Lacks context.
lump,9876,"Už několikrát se mi totiž stalo, že mi volali kamarádi, jaký jsem ""<lump>"", co jsem provedl nebo řekl.",0.74917,5.110570855271071,a,Keyword is central and clear.
lump,9876,Smrt větří pach a cítí <lumpa>!,0.74107,4.148180452982585,b,"Too short, not clear what the keyword means."
lump,9876,Rozhodčí Červený je <lump> a grázl!,0.74107,4.60087399482727,b,Lacks context.
lump,9876,"To je vše krásný, ALE narazíte na <lumpy> a podvodníky viz Tesco (i Warren Buffett tam ztratil pěkné peníze.",0.73318,2.3587712036935904,b,"Opinionated, mentiones brands, requires context."
lump,9876,"Ve stejnokrojích prvorepublikového četnictva, převlečeni za dobové vojáky, civilisty i <lumpy> předvedli obecenstvu výjevy z každodenního života bezpečnostních sborů ve třicátých letech.",0.728,3.5229486562988974,b,"Keyword is not central, too long."
lump,9876,"<Lumpové>, hovada, Chovanec - karta, jesličky, paráda, šij to na bránu!",0.72647,4.288407321409745,c,Incomplete.
lump,9876,"Západ je pripravený vyvolať svetový konflikt, kde masku svetového nepriateľa demokracie nasadili Putinovi tí najhorší <lumpi>, akých táto zem nosí.",0.70788,3.6680342411994937,c,Different language.
lump,9876,"Zatím vůdce povzbuzuje neustale zájem psův o uprchlíka (""pozor, hledej <lumpa>) a vede psa k předmětům, jež ztratil.",0.70583,3.4318111187881897,c,"Grammatically incorrect, incomplete."
lump,9876,"A určitě správná (nepodporovat <lumpy>). – Jde mi hlavně o to, aby se SV ČR veřejně rozešel s <lumpy>.",0.6925,2.7606697747581883,b,Lacks context.
lump,9876,"Po té amnestii se člověk doopravdy musí bát, vždyť <lumpové> dobře vědí, že v base je to jak na dovolené a, že je brzy pustěj. zolik za 1.",0.61136,4.721760077082685,c,"Grammatically incorrect, noisy."
lump,9876,"Argumentem druhých pak jednoduché "" <Lumpové> mají být potrestáni."" Zastánci udělování těchto výjimečných prostředků na poli trestního práva naopak poukazují na vhodnost milostí, jako nástroje odstraňujícího zjevně příliš tvrdé tresty.",0.57941,6.083031905690829,a,"Borderline, the keyword is central, but the sentence is too long, requires correcting."
lump,9876,"Kdyby jste kdokoliv věděl radu, jak na toho našeho <lumpa>,prosím napište..Děkuji Lucka RE:097: Klec není rozhodně řešení a Vaše Maggie se bude akorát více trápit!",0.54787,3.1768311106241667,c,"Incomplete, noisy."
lump,9876,"Heinrich <Lumpe> byl obětavý ochránce přírody, nadšený ornitolog a milovník zpěvného ptactva, a tak si ve svých 49. letech splnil svůj sen a na zakoupeném šestihektarovém pozemku vytvořil oázu klidu pro své milované opeřence.",0.54115,5.12285820070435,d,Keyword is referring to a proper noun.
lump,9876,"Děvčata kazíte, do pekla je vláčíte Michal Čapka brilantně osciluje mezi několika polohami, dokáže být stejně sugestivním poetickým umělcem, jako věrným druhem, upírem, temným šansoniérem, všehoschopným <lumpem> i neodolatelným milencem.",0.52676,3.5530164686838788,c,"Does not make sense, grammatically incorrect."
lump,9876,"Pokud si koupíte takovou, která bude mít spálenou žárovku, může se stát, že už takovou nikde neseženete nebo jen velice draho, oni ti <lumpové> se nestydí říct si za novou klidně 800 Kč,.",0.51385,3.9863266939466646,b,"Too long, opinionated."
lump,9876,"Ti <lumpové> kteří se po ůdajné revoluci prolhali k moci udělali z politiky řemeslo,které má zlaté dno a politická koryta si nechali,za státní peníze ,pozlatit.Proto se tam stahují <lumpové> už dvacet tři roků.<Lumpové>.",0.5,4.188227501511574,c,"Noisy, grammatically incorrect."
lump,9876,"Nevím proč bychom se my slušní lidé měli stěhovat do Severní Koreje.Nám stači v Česku zprovoznit dostatek katovských mučíren a ty osadit co nejkrutějšími katy.Pak razit heslo ,že přes kvalitní práci co nejkrutějších katů k odporažení všech <lumpů>,kteří se v Česku po komunistech prolhali k moci.Tak zajistit lepší budoucnost mladé a budoucích generací.",0.5,3.5241096963485083,b,"Too long, opinionated."
lump,9876,"Švýcarsko, kromě velehory Matterhorn, která se stala předlohou pro populární trojúhelníkovou čokoládu Toblerone, kromě hlubokých jezer s dokonale čistou, ledovcovou vodou a vynikajícími rybami, má také drahé hodinky, jež se nezpozdí ani o vteřinu, a má nedobytné, spolehlivé banky, kam si s oblibou ukládají úspory největší boháči světa, ale prý i ti největší <lumpové>.",0.5,5.333187288266641,a,"Borderline, too long, but the keyword is clear, requires correcting."
lump,9876,"Moje pravé jméno je Aquila z Wenytry, ale doma mi říkají: Arčí, Arinko, zlato, draku, <lumpe>, obludo, malá, pipi, princezno... Slyším vlastně na všechno, ale pro pořádek jsem a vždycky budu ARINKA, přesněji řečeno Áji Arinka.",0.5,4.479275894165039,b,"Keyword is not central, too long."
lump,9876,Představte si mít za sebou bandu <lumpů>...,0.39375,2.9496508836746216,b,It is not clear what the keyword means.
lump,9876,"zítra jde hříšnák, romantický duše a tem co se líbí krásnej chlap v sexy tílku by se to mělo líbit :) - Hříšnej tanec!!! Jinak sem ho kromě něj viděla už jen v Probuzení v Renu a to si moc nepamatuju - videla jsem pouze táta <lump> a reklamu na hříšný tanec - Skoro všechny filmy s ním jsou dobrý....no, Univerzální uklízečka se mi moc nelíbila....",0.0,5.227085100701361,c,"Noisy, contains emojis, incomplete, chaotic."
lump,9876,"hohencenda Chtěl bych poděkovat firmě Pneu Procházka za zaslání VO ceníku ve kterém jsou i velmi pěkné vysvětlivky pro zákazníky včetně tabulek, tištěný ceník a hezky udělaný pro mne v dnešní době Čihoštský zázrak.Místním dopisovatelům Děkuji za pěkné články se snahou řešit výdělečnost pneuservisů kéž by nás bylo víc co nebudem dělat blbce intrnetovým <lumpům>.Zdražení práce zdar.",0.0,3.5306954392071423,c,"Noisy, grammatically incorrect, chaotic."
lump,9876,".. - Masaryk, Beneš a Havel :-) - no málo se ví, že Masaryk třeba zabavoval majetek šlechticům.. taky nebyl dokonalej:) - Havel..z tech co sem zazil byl best - Benes byl <LUMP>!! - 5anonym: no to je sice možné, ale nevím, kdo toho udělal víc pro Československo :-) - 7anonym: a na tos přišel jak?",0.0,5.214284639609487,c,"Noisy, grammatically incorrect, incomplete, emojis."
očerňovat,1778,Nejde o to <očerňovat> kterýkoliv ze způsobů krmení vašich koní.,0.90909,3.7534618937969206,a,"Borderline, not sure if the keyword can be understood from the sentence."
očerňovat,1778,"Ono totiž, naše socialistická vláda <očerňovala> západ a stokrát opakovaná lež se stává pravdou.",0.89844,3.442900286402021,b,"Political, lacks context."
očerňovat,1778,Nešel jsem nad rámec pokud možno jednoduché informace a rozhodně jsem jim dědu nijak <neočerňoval>.,0.89375,6.291419650713602,b,"Lacks context, the keyword is not central."
očerňovat,1778,O církvi se na veřejnosti buď vůbec nemluvilo anebo se jen <očerňovala>.,0.88077,4.7318920960028965,a,"Clear, keyword is central."
očerňovat,1778,"<Očerňují> Scientology, kteří nabízí jako jeden z mnoha kurzů které dodávají kurz o tom jak se zbavit útlaku.",0.86,5.420975287424193,b,"Keyword is not central, cannot be understood."
očerňovat,1778,"Slavný dramatik tehdy ale vycházel ze soudobých kronik, které záměrně <očerňovaly> poražené nepřátele.",0.84,2.5876238914636467,a,"Clear, fitting."
očerňovat,1778,"Pokrytectví non plus ultra, aneb <neočerňujte> naše politiky.",0.84,4.542183291912079,c,Incomplete.
očerňovat,1778,"Úplně stejné dodávky, jaké chtějí ti lidé, kteří je použili, všem ostatním vymlouvat, <očerňovat> a zakazovat.",0.83929,3.497444126009941,c,"Does not make sense, grammatically incorrect."
očerňovat,1778,"Nemám ve zvyku někoho <očerňovat>, ale spíš jen přiblížit, jak funguje DxO a obrázek si udělejte sami.",0.8375,2.980274470939356,c,"Grammatically incorrect, incomplete."
očerňovat,1778,"Dělají z náboženství jen soustavu obřadů, v nichž je člověk naprosto nedůležitý, a tím <očerňují> Boha.",0.83553,3.71039752587676,a,"Keyword is central and understandable, borderline, not sure if its content is suitable."
očerňovat,1778,"Prostě nemůžeme být skutečnými demokraty, když současně urážíme, zlehčujeme a <očerňujeme> preference významné části voličů.",0.83333,2.588837739626567,a,Keyword is central and clear.
očerňovat,1778,"Nechci si stěžovat, nechci nikoho <očerňovat>, posmívat se nebo skuhrat.",0.80769,3.166809401512146,a,Clear and central.
očerňovat,1778,"A ještě ji <očerňuje> a snaží se, aby ona měla výčitky a cítila se provinile... za co, proboha?",0.80682,3.2850182162390817,b,Lacks context.
očerňovat,1778,"Každý z vězňů, když <očerňoval> sám sebe, si dal pozor, aby zároveň <očerňoval> i Bucharina.",0.79474,3.9975597788890207,b,Lacks context.
očerňovat,1778,"Nejsem si vědom, že bych ""<očerňoval>"" firmu H-mat.",0.79167,4.683927489154868,b,Lacks context.
očerňovat,1778,"Vědomě <očerňují> komunismus, jemuž přisuzují jevy, které nejenže mu nejsou vlastní, ale jsou s ním v neslučitelném rozporu.",0.77614,4.052424464623133,a,Keyword is clear and central to the sentence.
očerňovat,1778,"Výraz ""<očerňovat>"" se jako synonymum pro ""nesouhlasit"" a ""vyvracet"" pokud vím nepoužívá.",0.76842,5.154423826474409,b,"It is not clear what the keyword means, defining what the keyword does not mean is not good example."
očerňovat,1778,"Než začala propaganda Západu <očerňovat> charismatického generála Mladiće, byl prý populárním v Pentagonu, řada důstojníků měla jeho fotografie.",0.76464,2.568053274684482,b,Lacks context.
očerňovat,1778,"Proto žádám vedoucí pracovníky ZZS, kteří <očerňují> odborovou organizaci, aby své tvrzení doložili zápisem z jednání, případně písemnou stížností.",0.7587,3.8691276788711546,b,"Lacks context, too long."
očerňovat,1778,"Já od ní za poslední dobu nečetl nic, co by vás <očerňovalo>, naopak mladej Padělek vás tuhle v nějakém rozhovoru na idnesu chválil.",0.73221,3.1022565686184427,c,Grammatically incorrect.
očerňovat,1778,"Proboha, to fakt nemáte na práci nic jiného, než <očerňovat> jednoho z nás a tím napomáhat možnému zpřísnění zákonů ohledně držení a střelby z kuší?",0.71429,3.070478722512722,b,"Lacks context, opinionated."
očerňovat,1778,"Čtenáři i reportéři se obávají, že se jedná o placené trolly, jejichž úkolem je hrubě <očerňovat> kohokoliv, kdo kritizuje Rusko nebo Vladimira Putina.",0.68778,2.30392941152272,b,"Borderline, political."
očerňovat,1778,"Být napadám různými mentálními chudáky, kteří nic sami nedokázali a umí jen <očerňovat>, závidět a pomlouvat, není nic příjemného a mladší to jistě zvládne lépe.",0.67069,3.945040050268173,b,"Lacks context, too long."
očerňovat,1778,"To zde diskutujícím můžete říkat horem dolem, pořád jsou neukojeni, pořád kritizují, a <očerňují>.Nejlépe by bylo, aby to předvedli sami.",0.65889,4.700518108549572,b,"Too long, two sentences, keyword is not central."
očerňovat,1778,"Radku, jste z oboru – existuje WEB, kde by se navzájem <očerňovali> dealeři VW a Ford, nebo Fiat, nebo...?",0.6485,3.803173013737328,c,"Incomplete, grammatically incorrect."
očerňovat,1778,"Právní analýza, na které je vystavěna sama existence AVZP a také náplň její činnosti je tedy naprosto chybná a navíc neprávem <očerňuje> část výdejců, kteří dodržují veškeré platné zákony.",0.63594,4.382411867585676,b,"Too long, lacks context."
očerňovat,1778,"Díky, je smutný, že někteří LR partneři prezentují svůj byznys tím, že vědomě či nevědomě, možná svojí tupostí, či papouškováním nesmyslů, se pokouší <očerňovat> jiné firmy.",0.5875,2.76203516630026,b,"Lacks context, too long."
očerňovat,1778,"Matku stěžovatel viní z psychického působení na nezletilou, a to tím, že jej <očerňuje> a nadává mu, a dále poukazuje na slabou citovou vazbu na matku, jak má plynout ze zmíněné zprávy.",0.54682,2.7520089657977223,b,"Too long, too dark."
očerňovat,1778,"Jsou média ve svém rozhořčeně zaujatém boji opravdu přesvědčena, že prospívají našemu státu a jeho postavení na mezinárodní scéně, když právoplatně zvoleného prezidenta v očích zbytku světa <očerňují> a líčí v nejhrůznější podobě ještě dřív, než stačí nastoupit do funkce?",0.5,3.92123666971922,b,Too long.
očerňovat,1778,"Ukazuje, jak Gottwald v letech 1947 a 1948 bezskrupulózně zneužíval média a policejní aparát k tomu, aby <očerňoval> své politické protivníky, a jak dokázal obrátit vyšetřování komunistického pokusu o atentát na národně socialistické ministry ve svůj prospěch – a jak politováníhodně marný byl poslední pokus demokratických stran o demokratickou cestou vedený politický boj.",0.5,3.279198768453778,b,Too long.
očerňovat,1778,<Očerňuješ> vaišnavu!,0.5,5.871094131469727,b,"Lacks context, foreign word."
očerňovat,1778,"Podle Pekingu Spojené státy nemají žádné právo <očerňovat> jiné země, a to tím spíše, že ignorují vlastní problémy s respektováním lidských práv.. Jako v předchozích letech americké ministerstvo zahraničí ukázalo prstem na stav lidských práv ve více než 190 zemích světa, včetně Číny, ale vyhnulo se zmínce o situaci ve Spojených státech, praví se ve zprávě čínského ministerstva zahraničí.",0.5,3.163585720615367,b,Too long.
očerňovat,1778,"Katolíkům schází dějinná zkušenost s tolerovanou menšinovostí, byli zvyklí buď panovat nebo trpět, a tak i dnes se stylizují do postojů trpitelských – pořád jim někdo ubližuje, <očerňuje> církev, prodlužuje komunistické bezpráví – a zároveň by tak trochu chtěli panovat.",0.5,3.5723067465424534,b,"Too long, political, opinionated."
očerňovat,1778,"), pokud tady někdo <očerňuje>, tak jste to Vy.",0.34375,4.1692217985788975,c,Incomplete.
očerňovat,1778,"Nechceme <očerňovat> restauraci U Dašů, v jakém slova smyslu myslíme to hovno, to čtenáři hned pochopějí. [ vlastní ČJ ]",0.24022,2.7878595812618734,c,"Noisy, vulgar."
očerňovat,1778,"Těm severokorejské úřady přímo smrtí nepohrozily, uvedly ale, že kniha ""zlomyslně <očerňuje> a zkresluje"" pravou podobu KLDR.",0.22602,3.618312588509392,b,"Lacks context, referring to something that is missing."
očerňovat,1778,"""Nechci, aby to vyznělo tak, že <očerňuji> konkurenci,"" upozorňuje Kateřina Hamrová. ""Naše soutěže si nekonkurují, protože Miss junior je určena jen pro dívky do osmnácti let.",0.03429,3.4773135955517107,b,"Direct speech, lacks context, proper noun."
očerňovat,1778,"Přepište dějiny, Massa chce svůj titul mistra světa F1 za rok 2008 zpět za každou cenu, <očerňuje> i Alonsa Autoforum.cz | 28. 8. 2023, 7:30 | Hodnocení: Chvíli to vypadalo, že se spokojí s finanční kompenzací, že mu dokonce jde jen o ni.",0.0,3.920123705891676,c,"Noisy, grammatically incorrect."
očerňovat,1778,"Mluvčí SCV opakovali důsledný argument, že Jih vedl legitimní válku za nezávislost, nikoli válku na obranu otroctví, a že nastupující ""yankeeovský"" pohled na dějiny falešně <očerňuje> Jih a vede lidi k nesprávnému výkladu válečné vlajky.[65]",0.0,3.2852122893929483,c,"Noisy, grammatically incorrect."
očerňovat,1778,"Ten se rázným nacistickým způsobem rozčiloval nad ""přítelem pražských židovských literárních kruhů"" a <očerňoval> popis mladického přátelství v povídce Die Knaben und der Fluß [Chlapci a řeka] jako ""odporný"" a ""perverzní"" (in: Die Neue Literatur [Nová literatura] 2/1935, s. 109).",0.0,3.118203459531069,c,"Noisy, gramatically incorrect, foreign words."
svalnatý,11983,Mnozí fanoušci si bez jeho charakteristické <svalnaté> postavy dokážou jen stěží představit obranu svého oblíbeného týmu.,0.92353,3.701020424813032,b,"Lacks context, keyword is not clear."
svalnatý,11983,Velká spodní trubka je navržena nejen pro <svalnatý> vzhled ale především pro vysokou tuhost.,0.92,3.4613742181233,b,Lacks context.
svalnatý,11983,Na tebe se klidně usměje profesor filozofie i <svalnatý> hokejista.,0.90909,2.6141112503409385,b,"Lacks context, keyword is not central."
svalnatý,11983,A také se mi přestaly líbit takové ty <svalnaté> postavy.,0.90909,3.430498650074005,b,Keyword is not central.
svalnatý,11983,"Trenéři navíc varují zejména ženy, že při fyzicky příliš náročné jízdě se jim vytvoří silná <svalnatá> stehna.",0.90263,2.366523077908684,a,Keyword is central and clear.
svalnatý,11983,"Jedná se o psa <svalnaté> postavy, který má rovný hřbet a široká a rovná bedra.",0.9,3.42888488193353,b,Lacks context.
svalnatý,11983,Z větví se vynořila <svalnatá> paže a uvolnila cestu a kdosi se protáhl ven a narovnal.,0.89706,4.276451587304473,b,Lacks context.
svalnatý,11983,Po něm jakási prapodivná <svalnatá> ruka a po ni hned další a pak ještě další dvě.,0.89706,3.61885576993227,b,Lacks context.
svalnatý,11983,Ten představuje <svalnatější> hatchback na vyšším podvozku a s většími koly s nádechem SUV.,0.89667,4.093784427642822,b,Lacks context.
svalnatý,11983,Přední nohy jsou rovné a dobře <svalnaté>.,0.89375,4.191995998791287,b,Lack context.
svalnatý,11983,"Je středně velká, má pružné a <svalnaté> tělo a širokou hlavu.",0.89231,2.8474600380117243,b,Lacks context.
svalnatý,11983,"Možná bys mě mohl odnést na svých silných, <svalnatých> rukou.",0.88958,2.8008690667152405,a,"Borderline, keyword is clear and central, maybe inappropriate."
svalnatý,11983,"Přední nohy má rovné a pevné, zadní <svalnaté> a silné.",0.88958,3.2652574706077573,b,Lacks context.
svalnatý,11983,"Přední končetiny má silně <svalnaté> , avšak bez obzvláště těžkého efektu.",0.88958,2.805286316438155,b,Lacks context.
svalnatý,11983,"Podívejte se do galerie, kdo často odhaluje <svalnaté> bříško.",0.88636,3.1960559664087165,b,Lacks context.
svalnatý,11983,"Jeho postava byla nejenom vysoká, ale také pořádně <svalnatá>.",0.88636,3.591584947374132,b,Lacks context.
svalnatý,11983,Nedokázal odtrhnout oči od lesknoucí se plochy tmavého a <svalnatého> těla před sebou.,0.88571,2.7049635080190804,b,"Lacks context, keyword is not central and not clear what it means."
svalnatý,11983,"<Svalnatá> policistka si zaslouží obdiv zejména za to, že náročnou práci dokáže dokonale skloubit s kariérou vrcholového sportovce.",0.8825,3.6109640513857206,b,"Keyword not central, too long."
svalnatý,11983,"Ta mohou být krásně tvarovaná, <svalnatá> a hladká.",0.8825,2.6607137620449066,b,Lacks context.
svalnatý,11983,"<Svalnatá> kulička, říká se mu občas s ironií.",0.8825,3.588240349292755,b,Lacks context.
svalnatý,11983,"Pavel byl vysoký a <svalnatý>, ale mírné povahy.",0.8825,3.428397384285927,b,"Too short, keyword is not central and not clear what does it mean."
svalnatý,11983,"Krk je dobré délky, čistý a <svalnatý>.",0.87778,3.821557030507496,b,Lacks context.
svalnatý,11983,"Že i šumivé víno může být pití pro muže, si dnes dokáže přiznat kdejaký <svalnatý> chlapák.",0.875,2.820275330543518,b,Sexist.
svalnatý,11983,Nezkoušejte slečny ve výlohách fotit – během sekundy se vynoří <svalnatý> muž a vy přijdete o foťák!,0.875,2.6560097533113813,b,"Borderline, not sure about the content."
svalnatý,11983,"A konečně se taky dostáváme, jak hlásá nadpis článku, ke <svalnatému> tělu vína.",0.875,4.226932545808646,b,Lacks context.
svalnatý,11983,"Na první pohled <svalnatý>, oblíbený a krásný muž, o kterého stojí každá žena.",0.875,4.374497488828806,b,"Lacks content, sexist."
svalnatý,11983,"Několik věrných fanoušků její odpověď na nenávistný komentář dokonce podpořilo, stejně jako její <svalnatou> postavu.",0.875,3.9896787079175313,b,Lacks context.
svalnatý,11983,"Muž byl v minulosti snad velmi <svalnatý>, ale nyní z něj byla vychrtlá chodící mrtvola.",0.875,3.495497853954633,a,"Keyword is central, it is clear."
svalnatý,11983,"To jsou taky krásné a přece mírně <svalnaté> dámy, a kam to až dotáhly!",0.87187,3.790160079513277,b,Lacks context.
svalnatý,11983,Severus políbil Harryho tělo a přes bílou košili oždiboval jeho <svalnaté> tělo a jemné bradavky.,0.87187,3.303250268300374,c,Sexual content.
svalnatý,11983,"Byl asi dva metry vysoký, <svalnatý>.",0.87187,4.344780945777893,b,Lacks context.
svalnatý,11983,"Díky lopatkám je umožněn dlouhý krok, hřbet je delší a záď pevná a <svalnatá>.",0.87187,3.905058218751635,b,Lacks context.
svalnatý,11983,"Ale je velký, rychlý a <svalnatý>.",0.87187,3.954874251286189,b,Lacks context.
svalnatý,11983,"Vysoký, <svalnatý> muž může mít menší penis než malý, hubený muž.",0.87143,3.1137286717241457,c,Sexual content.
svalnatý,11983,"Vítězové v jednotlivých kategoriích tradičně obdrželi model <svalnaté> postavičky, letos vyobrazené na poháru.",0.86833,3.545734753975501,b,Lacks context.
svalnatý,11983,"Děti v tomto věku vypadají hubenější a <svalnatější>, dokážou už více ovládat svaly.",0.86833,3.3259418964385987,b,Lacks context.
svalnatý,11983,Medděd je neobyčejně vysoký a <svalnatý> muž s černými vlasy.,0.86818,2.420825054645538,b,"Lacks context, keyword not central and not clear."
svalnatý,11983,"BEAR není pouze <svalnatý> a chlupatý chlap, který je pěkný na pohled.",0.86429,3.017569323380788,b,"Lacks context, contain unknown proper noun."
svalnatý,11983,"Byl vysoký jako deset mužů, <svalnatý> s nádherným mečem tvořeným ze světla.",0.86429,4.042662281791369,b,Lacks context.
svalnatý,11983,Vždy si svou mohutnou a <svalnatou> postavou vydobyl poslušnost.,0.86,3.09506176577674,b,Lacks context.
